{
    "carte": "الخريطة",
  "statistique": "الإحصائيات",
  "notifications": "الإشعارات",
  "messagerie": "الرسائل",
  "profil": "الملف الشخصي",
    "sign_in": "تسجيل الدخول",
    "sign_up": "إنشاء حساب",
    "email": "البريد الإلكتروني",
    "password": "كلمة المرور",
    "forgot_password": "هل نسيت كلمة المرور؟",
    "no_account": "ليس لديك حساب؟",
    "chat": "الدردشة",
  "type_message": "اكتب رسالة...",
  "create_account": "إنشاء حساب",
  "name_surname": "الاسم واللقب",
  "age": "العمر",
  "sex": "الجنس",
  "job": "المهنة",
  "confirm_password": "تأكيد كلمة المرور",
  "already_have_account": "هل لديك حساب؟",
  "field_required": "هذا الحقل مطلوب",
  "passwords_do_not_match": "كلمات المرور غير متطابقة",
  "select_gender": "يرجى اختيار الجنس",
  "search_train": "ابحث عن قطارك",
  "no_need_station": "لا حاجة للذهاب إلى المحطة للتحقق من قطارك",
  "save_time": "وفر وقتك",
  "description_text": "مع قطاري، لن تضطر للقلق بشأن اللحاق بالقطار",
  "get_started": "ابدأ الآن",
  "Page des statistiques": "صفحة الإحصائيات",
  "profile": "الملف الشخصي",
  "change_photo": "تغيير الصورة",
  "take_photo": "التقاط صورة",
  "choose_gallery": "اختر من المعرض",
  "name": "الاسم",
  "edit_info": "تعديل المعلومات",
  "dark_mode": "الوضع الليلي",
  "language": "اللغة",
  "logout": "تسجيل الخروج",
  "save": "حفظ",
  "gender": "الجنس",
  "train_info": "لا حاجة للذهاب إلى المحطة للتحقق من قطارك",
   "send": "إرسال"
  }
  