{
    "carte": "Map",
  "statistique": "Statistics",
  "notifications": "Notifications",
  "messagerie": "Messages",
  "profil": "Profile",
    "sign_in": "Sign In",
    "sign_up": "Sign Up",
    "email": "Email",
    "password": "Password",
    "forgot_password": "Forgot Password?",
    "no_account": "Don’t have an account?",
    "chat": "Chat",
  "type_message": "Type a message...",
  "create_account": "Create Account",
  "name_surname": "Name & Surname",
  "age": "Age",
  "sex": "Sex",
  "job": "Job",
  "confirm_password": "Confirm Password",
  "field_required": "This field is required",
  "passwords_do_not_match": "Passwords do not match",
  "select_gender": "Please select a gender",
  "already_have_account": "Already have an account?",
  "search_train": "Search for your train",
  "no_need_station": "No need to get to the train station to check for your train",
  "save_time": "Save Time",
  "description_text": "With 9itari, you wouldn't be struggling to catch your train or worry about it",
  "get_started": "GET STARTED",
  "Page des statistiques": "page of Statistics",
  "profile": "Profile",
  "change_photo": "Change photo",
  "take_photo": "Take a photo",
  "choose_gallery": "Choose from gallery",
  "name": "Name",
  "edit_info": "Edit information",
  "dark_mode": "Dark mode",
  "language": "Language",
  "logout": "Logout",
  "save": "Save",
  "gender": "Gender",
  "train_info": "No need to get to the train station to check for your train",
  "send": "send"
}
  