{
    "carte": "Carte",
    "statistique": "Statistique",
    "notifications": "Notifications",
    "messagerie": "Messagerie",
    "profil": "Profil",
    "sign_up": "S'inscrire",
    "email": "Email",
    "password": "Mot de passe",
    "forgot_password": "Mot de passe oublié ?",
    "no_account": "Vous n'avez pas de compte ?",
     "chat": "Discussion",
    "type_message": "Écris un message...",
    "create_account": "Créer un compte",
  "name_surname": "Nom & Prénom",
  "age": "Âge",
  "sex": "Sexe",
  "job": "Métier",
  "confirm_password": "Confirmer le mot de passe",
  "already_have_account": "Vous avez déjà un compte ?",
  "sign_in": "SE CONNECTER",
  "field_required": "Ce champ est requis",
  "passwords_do_not_match": "Les mots de passe ne correspondent pas",
  "select_gender": "Veuillez sélectionner un sexe",
  "search_train": "Recherchez votre train",
  "no_need_station": "Pas besoin de se rendre à la gare pour vérifier votre train",
  "save_time": "Gagnez du temps",
  "description_text": "Avec 9itari, vous n'aurez plus à vous battre pour attraper votre train",
  "get_started": "COMMENCER",
  "Page des statistiques" :"Page des statistiques",
  "profile": "Profil",
  "change_photo": "Changer la photo",
  "take_photo": "Prendre une photo",
  "choose_gallery": "Choisir depuis la galerie",
  "name": "Nom",
  "edit_info": "Modifier les informations",
  "dark_mode": "Mode sombre",
  "language": "Langue",
  "logout": "Déconnexion",
  "save": "Sauvegarder",
  "gender": "Sexe",
  "train_info": "Il n'est pas nécessaire de vous rendre à la gare pour vérifier votre train",
  "send": "Envoyer"

  }
  